Full_Name,Img,Quote
Bob Fritz,images/bob.jpg,Quote
Davie Jainti,images/davie.jpg,Quote
Aline Kain,images/alin.jpg,Quote
Jami Robit,images/jami.jpg,Quote
Bob Fritz,images/bob.jpg,Quote
Davie Jainti,images/davie.jpg,Quote
Aline Kain,images/alin.jpg,Quote
Jami Robit,images/jami.jpg,Quote
Bob Fritz,images/bob.jpg,Quote
Davie Jainti,images/davie.jpg,Quote
Aline Kain,images/alin.jpg,Quote
Jami Robit,images/jami.jpg,Quote
Bob Fritz,images/bob.jpg,Quote
Davie Jainti,images/davie.jpg,Quote
Aline Kain,images/alin.jpg,Quote
Jami Robit,images/jami.jpg,Quote
Bob Fritz,images/bob.jpg,Quote
Davie Jainti,images/davie.jpg,Quote
Aline Kain,images/alin.jpg,Quote
Jami Robit,images/jami.jpg,Quote





